Computer Name,Logged On Users,Domain,Category,File Types,Logical Drive,Count,Memory
IP-DK27,g.bianchi,IMBALLAGGI,Photos,"jpg, jpeg, png, gif, tif, cr2, crw, nef, nrw, arw, sr2, srf",ALL,139239,3.39 GB
IP-DK17,s.mainenti,IMBALLAGGI,Photos,"jpg, jpeg, png, gif, tif, cr2, crw, nef, nrw, arw, sr2, srf",ALL,80839,24.84 GB
IP-NB05,s.mainenti,IMBALLAGGI,Photos,"jpg, jpeg, png, gif, tif, cr2, crw, nef, nrw, arw, sr2, srf",ALL,79598,1.55 GB
IP-NB11,a.iozzolino,IMBALLAGGI,Photos,"jpg, jpeg, png, gif, tif, cr2, crw, nef, nrw, arw, sr2, srf",ALL,72242,15.01 GB
IP-NB07,g.lorenzi,IMBALLAGGI,Photos,"jpg, jpeg, png, gif, tif, cr2, crw, nef, nrw, arw, sr2, srf",ALL,69281,1.34 GB
IP-DK11,c.giroletti,IMBALLAGGI,Photos,"jpg, jpeg, png, gif, tif, cr2, crw, nef, nrw, arw, sr2, srf",ALL,63194,1.63 GB
IP-NB28,g.gaudenzi,IMBALLAGGI,Photos,"jpg, jpeg, png, gif, tif, cr2, crw, nef, nrw, arw, sr2, srf",ALL,62773,10.68 GB
IP-NB14,a.essawi,IMBALLAGGI,Photos,"jpg, jpeg, png, gif, tif, cr2, crw, nef, nrw, arw, sr2, srf",ALL,56697,3.21 GB
IP-NB21,i.colombo,IMBALLAGGI,Photos,"jpg, jpeg, png, gif, tif, cr2, crw, nef, nrw, arw, sr2, srf",ALL,54217,7.11 GB
IP-NB22,s.monichino,IMBALLAGGI,Photos,"jpg, jpeg, png, gif, tif, cr2, crw, nef, nrw, arw, sr2, srf",ALL,52287,13.33 GB
IP-DK09,m.renda,IMBALLAGGI,Photos,"jpg, jpeg, png, gif, tif, cr2, crw, nef, nrw, arw, sr2, srf",ALL,50857,4.05 GB
IP-NB23,d.dozio,IMBALLAGGI,Photos,"jpg, jpeg, png, gif, tif, cr2, crw, nef, nrw, arw, sr2, srf",ALL,48362,926.07 MB
IP-DK07,,IMBALLAGGI,Photos,"jpg, jpeg, png, gif, tif, cr2, crw, nef, nrw, arw, sr2, srf",ALL,48253,957.2 MB
IP-NB26,p.avallone,IMBALLAGGI,Photos,"jpg, jpeg, png, gif, tif, cr2, crw, nef, nrw, arw, sr2, srf",ALL,46658,742.23 MB
IP-NB30,as.aledi,IMBALLAGGI,Photos,"jpg, jpeg, png, gif, tif, cr2, crw, nef, nrw, arw, sr2, srf",ALL,45281,7.01 GB
IP-CV01,,IMBALLAGGI,Photos,"jpg, jpeg, png, gif, tif, cr2, crw, nef, nrw, arw, sr2, srf",ALL,44883,431.35 MB
IP-WS01,a.essawi,IMBALLAGGI,Photos,"jpg, jpeg, png, gif, tif, cr2, crw, nef, nrw, arw, sr2, srf",ALL,44348,18.0 GB
IP-DK24,s.donati,IMBALLAGGI,Photos,"jpg, jpeg, png, gif, tif, cr2, crw, nef, nrw, arw, sr2, srf",ALL,44316,1.55 GB
IP-NB24,,IMBALLAGGI,Photos,"jpg, jpeg, png, gif, tif, cr2, crw, nef, nrw, arw, sr2, srf",ALL,43320,576.45 MB
IP-NB04,s.ferrante,IMBALLAGGI,Photos,"jpg, jpeg, png, gif, tif, cr2, crw, nef, nrw, arw, sr2, srf",ALL,42639,569.97 MB
IP-NB01,,IMBALLAGGI,Photos,"jpg, jpeg, png, gif, tif, cr2, crw, nef, nrw, arw, sr2, srf",ALL,42203,1.99 GB
IP-DK22,a.settino,IMBALLAGGI,Photos,"jpg, jpeg, png, gif, tif, cr2, crw, nef, nrw, arw, sr2, srf",ALL,40833,556.36 MB
IP-DK18,j.gellera,IMBALLAGGI,Photos,"jpg, jpeg, png, gif, tif, cr2, crw, nef, nrw, arw, sr2, srf",ALL,40658,723.81 MB
IP-DK19,team.leader,IMBALLAGGI,Photos,"jpg, jpeg, png, gif, tif, cr2, crw, nef, nrw, arw, sr2, srf",ALL,40645,763.43 MB
IP-DK25,f.santocchi,IMBALLAGGI,Photos,"jpg, jpeg, png, gif, tif, cr2, crw, nef, nrw, arw, sr2, srf",ALL,40600,3.6 GB
IP-NB31,a.girardi,IMBALLAGGI,Photos,"jpg, jpeg, png, gif, tif, cr2, crw, nef, nrw, arw, sr2, srf",ALL,40237,653.4 MB
IP-NB25,a.braia,IMBALLAGGI,Photos,"jpg, jpeg, png, gif, tif, cr2, crw, nef, nrw, arw, sr2, srf",ALL,40231,1.7 GB
IP-NB32,m.morlacchi,IMBALLAGGI,Photos,"jpg, jpeg, png, gif, tif, cr2, crw, nef, nrw, arw, sr2, srf",ALL,40047,754.41 MB
IP-DK15,flex,IMBALLAGGI,Photos,"jpg, jpeg, png, gif, tif, cr2, crw, nef, nrw, arw, sr2, srf",ALL,39554,1.44 GB
IP-DK04,BGBoard1700,IMBALLAGGI,Photos,"jpg, jpeg, png, gif, tif, cr2, crw, nef, nrw, arw, sr2, srf",ALL,39232,871.97 MB
IP-NB02,,IMBALLAGGI,Photos,"jpg, jpeg, png, gif, tif, cr2, crw, nef, nrw, arw, sr2, srf",ALL,38832,427.92 MB
IP-DK20,e.respizzi,IMBALLAGGI,Photos,"jpg, jpeg, png, gif, tif, cr2, crw, nef, nrw, arw, sr2, srf",ALL,38610,542.9 MB
IP-DK32,d.dadamo,IMBALLAGGI,Photos,"jpg, jpeg, png, gif, tif, cr2, crw, nef, nrw, arw, sr2, srf",ALL,38600,622.72 MB
win10client1,,IMBALLAGGI,Photos,"jpg, jpeg, png, gif, tif, cr2, crw, nef, nrw, arw, sr2, srf",ALL,38391,251.01 MB
IP-DK30,s.colombo,IMBALLAGGI,Photos,"jpg, jpeg, png, gif, tif, cr2, crw, nef, nrw, arw, sr2, srf",ALL,37484,1.35 GB
IP-DK23,,IMBALLAGGI,Photos,"jpg, jpeg, png, gif, tif, cr2, crw, nef, nrw, arw, sr2, srf",ALL,36542,574.4 MB
IP-NB29,C.Pappada,IMBALLAGGI,Photos,"jpg, jpeg, png, gif, tif, cr2, crw, nef, nrw, arw, sr2, srf",ALL,35756,5.06 GB
IP-NB33,a.caldi,IMBALLAGGI,Photos,"jpg, jpeg, png, gif, tif, cr2, crw, nef, nrw, arw, sr2, srf",ALL,35649,2.59 GB
win10client2,,IMBALLAGGI,Photos,"jpg, jpeg, png, gif, tif, cr2, crw, nef, nrw, arw, sr2, srf",ALL,35390,221.95 MB
IP-DK28,,IMBALLAGGI,Photos,"jpg, jpeg, png, gif, tif, cr2, crw, nef, nrw, arw, sr2, srf",ALL,34641,1.31 GB
IP-DK26,a.savi,IMBALLAGGI,Photos,"jpg, jpeg, png, gif, tif, cr2, crw, nef, nrw, arw, sr2, srf",ALL,34334,426.02 MB
IP-NB09,s.manoli,IMBALLAGGI,Photos,"jpg, jpeg, png, gif, tif, cr2, crw, nef, nrw, arw, sr2, srf",ALL,32946,2.76 GB
IP-CV02,s.donati,IMBALLAGGI,Photos,"jpg, jpeg, png, gif, tif, cr2, crw, nef, nrw, arw, sr2, srf",ALL,32159,446.54 MB
IP-DK21,as.aledi,IMBALLAGGI,Photos,"jpg, jpeg, png, gif, tif, cr2, crw, nef, nrw, arw, sr2, srf",ALL,31491,5.2 GB
IP-NB27,l.daliesio,IMBALLAGGI,Photos,"jpg, jpeg, png, gif, tif, cr2, crw, nef, nrw, arw, sr2, srf",ALL,31382,707.99 MB
ip-nb34,a.servi,IMBALLAGGI,Photos,"jpg, jpeg, png, gif, tif, cr2, crw, nef, nrw, arw, sr2, srf",ALL,28911,216.05 MB
IP-DK31,,IMBALLAGGI,Photos,"jpg, jpeg, png, gif, tif, cr2, crw, nef, nrw, arw, sr2, srf",ALL,28183,401.75 MB
IP-DK12,ip-remote-pc-hp,IMBALLAGGI,Photos,"jpg, jpeg, png, gif, tif, cr2, crw, nef, nrw, arw, sr2, srf",ALL,24637,262.05 MB
IP-NB22,s.monichino,IMBALLAGGI,Excel,"xlsx, xls, xlsm, ods",ALL,20178,5.56 GB
IP-NB03,,IMBALLAGGI,Photos,"jpg, jpeg, png, gif, tif, cr2, crw, nef, nrw, arw, sr2, srf",ALL,17577,12.19 GB
IP-NB22,s.monichino,IMBALLAGGI,Pdf e XPS,"pdf, xps",ALL,11372,4.41 GB
IP-DK17,s.mainenti,IMBALLAGGI,Pdf e XPS,"pdf, xps",ALL,7839,8.56 GB
IP-DK25,f.santocchi,IMBALLAGGI,Pdf e XPS,"pdf, xps",ALL,7801,2.45 GB
IP-NB09,s.manoli,IMBALLAGGI,Excel,"xlsx, xls, xlsm, ods",ALL,7392,2.33 GB
IP-DK16,ipplotter,IMBALLAGGI,Photos,"jpg, jpeg, png, gif, tif, cr2, crw, nef, nrw, arw, sr2, srf",ALL,7253,208.63 MB
IP-DK24,s.donati,IMBALLAGGI,Excel,"xlsx, xls, xlsm, ods",ALL,6283,922.32 MB
IP-NB29,C.Pappada,IMBALLAGGI,Pdf e XPS,"pdf, xps",ALL,5164,2.36 GB
IP-NB09,s.manoli,IMBALLAGGI,Pdf e XPS,"pdf, xps",ALL,5071,1.82 GB
IP-DK17,s.mainenti,IMBALLAGGI,Excel,"xlsx, xls, xlsm, ods",ALL,4688,829.58 MB
IP-NB29,C.Pappada,IMBALLAGGI,Excel,"xlsx, xls, xlsm, ods",ALL,4523,1.01 GB
IP-DK24,s.donati,IMBALLAGGI,Word,"doc, docx, docm, odt",ALL,4442,693.11 MB
IP-DK24,s.donati,IMBALLAGGI,Pdf e XPS,"pdf, xps",ALL,3997,819.05 MB
IP-DK13,bgboard2,IMBALLAGGI,Photos,"jpg, jpeg, png, gif, tif, cr2, crw, nef, nrw, arw, sr2, srf",ALL,3945,168.02 MB
IP-NB11,a.iozzolino,IMBALLAGGI,Pdf e XPS,"pdf, xps",ALL,3565,8.21 GB
IP-NB23,d.dozio,IMBALLAGGI,Word,"doc, docx, docm, odt",ALL,3391,360.62 MB
IP-DK25,f.santocchi,IMBALLAGGI,Excel,"xlsx, xls, xlsm, ods",ALL,3307,981.13 MB
IP-DK04,BGBoard1700,IMBALLAGGI,Pdf e XPS,"pdf, xps",ALL,3083,1.19 GB
IP-NB26,p.avallone,IMBALLAGGI,Excel,"xlsx, xls, xlsm, ods",ALL,2997,231.87 MB
IP-DK15,flex,IMBALLAGGI,Pdf e XPS,"pdf, xps",ALL,2986,2.38 GB
IP-DK19,team.leader,IMBALLAGGI,Pdf e XPS,"pdf, xps",ALL,2884,315.83 MB
IP-NB22,s.monichino,IMBALLAGGI,Audio,"mp3, m4a",ALL,2867,18.42 GB
IP-DK20,e.respizzi,IMBALLAGGI,Excel,"xlsx, xls, xlsm, ods",ALL,2756,151.76 MB
IP-DK20,e.respizzi,IMBALLAGGI,Pdf e XPS,"pdf, xps",ALL,2751,1.41 GB
IP-DK12,ip-remote-pc-hp,IMBALLAGGI,Word,"doc, docx, docm, odt",ALL,2734,153.07 MB
IP-NB23,d.dozio,IMBALLAGGI,Pdf e XPS,"pdf, xps",ALL,2681,1.42 GB
IP-DK13,bgboard2,IMBALLAGGI,Word,"doc, docx, docm, odt",ALL,2638,145.31 MB
IP-DK20,e.respizzi,IMBALLAGGI,Word,"doc, docx, docm, odt",ALL,2543,300.4 MB
IP-DK17,s.mainenti,IMBALLAGGI,Word,"doc, docx, docm, odt",ALL,2482,1.3 GB
IP-NB21,i.colombo,IMBALLAGGI,Pdf e XPS,"pdf, xps",ALL,2467,1.5 GB
IP-WS01,a.essawi,IMBALLAGGI,Pdf e XPS,"pdf, xps",ALL,2276,2.19 GB
IP-NB23,d.dozio,IMBALLAGGI,Excel,"xlsx, xls, xlsm, ods",ALL,2133,243.23 MB
IP-DK25,f.santocchi,IMBALLAGGI,Word,"doc, docx, docm, odt",ALL,2025,189.31 MB
IP-DK21,as.aledi,IMBALLAGGI,Pdf e XPS,"pdf, xps",ALL,2015,1.58 GB
IP-DK12,ip-remote-pc-hp,IMBALLAGGI,File Compressi,"zip, zipx, rar, 7z, gzip, bzip2, tar, z",ALL,2009,682.94 MB
IP-NB27,l.daliesio,IMBALLAGGI,Excel,"xlsx, xls, xlsm, ods",ALL,1898,793.66 MB
IP-NB03,,IMBALLAGGI,Videos,"avi, mp4, mkv, wmv, mov, flv, mpg, mpeg",ALL,1848,12.64 GB
IP-NB25,a.braia,IMBALLAGGI,Pdf e XPS,"pdf, xps",ALL,1742,936.27 MB
IP-NB22,s.monichino,IMBALLAGGI,Word,"doc, docx, docm, odt",ALL,1701,583.13 MB
IP-DK30,s.colombo,IMBALLAGGI,File Compressi,"zip, zipx, rar, 7z, gzip, bzip2, tar, z",ALL,1648,15.18 GB
IP-NB21,i.colombo,IMBALLAGGI,Videos,"avi, mp4, mkv, wmv, mov, flv, mpg, mpeg",ALL,1634,1.12 GB
IP-DK07,,IMBALLAGGI,Excel,"xlsx, xls, xlsm, ods",ALL,1573,265.11 MB
IP-WS01,a.essawi,IMBALLAGGI,Autocad Files,"dwg, mi, dxf",ALL,1538,1.16 GB
IP-DK15,flex,IMBALLAGGI,Autocad Files,"dwg, mi, dxf",ALL,1528,258.56 MB
IP-NB11,a.iozzolino,IMBALLAGGI,Excel,"xlsx, xls, xlsm, ods",ALL,1423,110.95 MB
IP-NB05,s.mainenti,IMBALLAGGI,Videos,"avi, mp4, mkv, wmv, mov, flv, mpg, mpeg",ALL,1246,758.08 MB
IP-NB04,s.ferrante,IMBALLAGGI,Videos,"avi, mp4, mkv, wmv, mov, flv, mpg, mpeg",ALL,1135,473.23 MB
IP-DK15,flex,IMBALLAGGI,File Compressi,"zip, zipx, rar, 7z, gzip, bzip2, tar, z",ALL,1124,15.9 GB
IP-DK15,flex,IMBALLAGGI,Word,"doc, docx, docm, odt",ALL,1108,65.99 MB
IP-NB11,a.iozzolino,IMBALLAGGI,Videos,"avi, mp4, mkv, wmv, mov, flv, mpg, mpeg",ALL,1093,29.59 GB
IP-NB09,s.manoli,IMBALLAGGI,Videos,"avi, mp4, mkv, wmv, mov, flv, mpg, mpeg",ALL,1093,4.96 GB
IP-NB02,,IMBALLAGGI,Videos,"avi, mp4, mkv, wmv, mov, flv, mpg, mpeg",ALL,1086,946.64 MB
IP-NB23,d.dozio,IMBALLAGGI,Videos,"avi, mp4, mkv, wmv, mov, flv, mpg, mpeg",ALL,1073,679.94 MB
IP-NB27,l.daliesio,IMBALLAGGI,Word,"doc, docx, docm, odt",ALL,1072,562.3 MB
IP-DK11,c.giroletti,IMBALLAGGI,Excel,"xlsx, xls, xlsm, ods",ALL,1029,571.96 MB
IP-NB14,a.essawi,IMBALLAGGI,Videos,"avi, mp4, mkv, wmv, mov, flv, mpg, mpeg",ALL,1011,4.67 GB
IP-DK30,s.colombo,IMBALLAGGI,Word,"doc, docx, docm, odt",ALL,1003,62.76 MB
IP-WS01,a.essawi,IMBALLAGGI,Excel,"xlsx, xls, xlsm, ods",ALL,959,274.84 MB
IP-DK23,,IMBALLAGGI,Pdf e XPS,"pdf, xps",ALL,955,390.92 MB
IP-NB27,l.daliesio,IMBALLAGGI,Pdf e XPS,"pdf, xps",ALL,944,538.43 MB
IP-NB22,s.monichino,IMBALLAGGI,Videos,"avi, mp4, mkv, wmv, mov, flv, mpg, mpeg",ALL,912,29.46 GB
IP-DK09,m.renda,IMBALLAGGI,Pdf e XPS,"pdf, xps",ALL,912,422.38 MB
IP-NB07,g.lorenzi,IMBALLAGGI,Videos,"avi, mp4, mkv, wmv, mov, flv, mpg, mpeg",ALL,909,874.65 MB
IP-DK16,ipplotter,IMBALLAGGI,Autocad Files,"dwg, mi, dxf",ALL,884,141.85 MB
IP-NB25,a.braia,IMBALLAGGI,Excel,"xlsx, xls, xlsm, ods",ALL,868,332.4 MB
IP-NB11,a.iozzolino,IMBALLAGGI,File Compressi,"zip, zipx, rar, 7z, gzip, bzip2, tar, z",ALL,854,2.09 GB
IP-NB05,s.mainenti,IMBALLAGGI,Pdf e XPS,"pdf, xps",ALL,841,594.61 MB
IP-DK27,g.bianchi,IMBALLAGGI,Pdf e XPS,"pdf, xps",ALL,830,2.63 GB
IP-NB04,s.ferrante,IMBALLAGGI,File Compressi,"zip, zipx, rar, 7z, gzip, bzip2, tar, z",ALL,816,2.2 GB
IP-DK11,c.giroletti,IMBALLAGGI,Pdf e XPS,"pdf, xps",ALL,812,252.32 MB
IP-NB29,C.Pappada,IMBALLAGGI,Word,"doc, docx, docm, odt",ALL,803,147.66 MB
IP-NB02,,IMBALLAGGI,File Compressi,"zip, zipx, rar, 7z, gzip, bzip2, tar, z",ALL,793,2.13 GB
IP-NB11,a.iozzolino,IMBALLAGGI,Word,"doc, docx, docm, odt",ALL,779,304.98 MB
IP-DK17,s.mainenti,IMBALLAGGI,PowerPoint,"ppt, pptxpptm, odp",ALL,754,5.18 GB
IP-NB22,s.monichino,IMBALLAGGI,File Compressi,"zip, zipx, rar, 7z, gzip, bzip2, tar, z",ALL,750,8.29 GB
IP-NB14,a.essawi,IMBALLAGGI,Pdf e XPS,"pdf, xps",ALL,735,728.25 MB
IP-WS01,a.essawi,IMBALLAGGI,Videos,"avi, mp4, mkv, wmv, mov, flv, mpg, mpeg",ALL,719,13.12 GB
IP-DK04,BGBoard1700,IMBALLAGGI,Excel,"xlsx, xls, xlsm, ods",ALL,701,71.18 MB
IP-DK12,ip-remote-pc-hp,IMBALLAGGI,Pdf e XPS,"pdf, xps",ALL,683,507.93 MB
IP-NB28,g.gaudenzi,IMBALLAGGI,Pdf e XPS,"pdf, xps",ALL,664,335.82 MB
IP-DK31,,IMBALLAGGI,Pdf e XPS,"pdf, xps",ALL,659,53.83 MB
IP-DK09,m.renda,IMBALLAGGI,Excel,"xlsx, xls, xlsm, ods",ALL,658,137.03 MB
IP-DK12,ip-remote-pc-hp,IMBALLAGGI,Videos,"avi, mp4, mkv, wmv, mov, flv, mpg, mpeg",ALL,649,261.19 MB
IP-NB30,as.aledi,IMBALLAGGI,Pdf e XPS,"pdf, xps",ALL,647,1.81 GB
IP-NB28,g.gaudenzi,IMBALLAGGI,Videos,"avi, mp4, mkv, wmv, mov, flv, mpg, mpeg",ALL,642,7.53 GB
IP-WS01,a.essawi,IMBALLAGGI,Word,"doc, docx, docm, odt",ALL,641,73.56 MB
IP-NB29,C.Pappada,IMBALLAGGI,File Compressi,"zip, zipx, rar, 7z, gzip, bzip2, tar, z",ALL,641,2.26 GB
IP-DK04,BGBoard1700,IMBALLAGGI,Word,"doc, docx, docm, odt",ALL,631,25.68 MB
IP-DK04,BGBoard1700,IMBALLAGGI,Videos,"avi, mp4, mkv, wmv, mov, flv, mpg, mpeg",ALL,628,434.83 MB
IP-DK17,s.mainenti,IMBALLAGGI,File Compressi,"zip, zipx, rar, 7z, gzip, bzip2, tar, z",ALL,612,9.3 GB
IP-DK17,s.mainenti,IMBALLAGGI,Videos,"avi, mp4, mkv, wmv, mov, flv, mpg, mpeg",ALL,581,8.62 GB
IP-NB29,C.Pappada,IMBALLAGGI,Videos,"avi, mp4, mkv, wmv, mov, flv, mpg, mpeg",ALL,575,13.29 GB
IP-DK15,flex,IMBALLAGGI,Excel,"xlsx, xls, xlsm, ods",ALL,558,51.1 MB
IP-DK09,m.renda,IMBALLAGGI,Word,"doc, docx, docm, odt",ALL,554,18.1 MB
IP-DK09,m.renda,IMBALLAGGI,File Compressi,"zip, zipx, rar, 7z, gzip, bzip2, tar, z",ALL,552,2.76 GB
IP-DK28,,IMBALLAGGI,Videos,"avi, mp4, mkv, wmv, mov, flv, mpg, mpeg",ALL,525,2.29 GB
IP-WS01,a.essawi,IMBALLAGGI,File Compressi,"zip, zipx, rar, 7z, gzip, bzip2, tar, z",ALL,513,49.7 GB
ip-nb34,a.servi,IMBALLAGGI,Videos,"avi, mp4, mkv, wmv, mov, flv, mpg, mpeg",ALL,511,192.64 MB
IP-DK32,d.dadamo,IMBALLAGGI,Excel,"xlsx, xls, xlsm, ods",ALL,509,277.84 MB
IP-NB30,as.aledi,IMBALLAGGI,Excel,"xlsx, xls, xlsm, ods",ALL,507,29.94 MB
IP-NB14,a.essawi,IMBALLAGGI,Audio,"mp3, m4a",ALL,496,3.16 GB
IP-NB09,s.manoli,IMBALLAGGI,Word,"doc, docx, docm, odt",ALL,491,25.52 MB
IP-NB24,,IMBALLAGGI,Excel,"xlsx, xls, xlsm, ods",ALL,480,36.3 MB
IP-DK16,ipplotter,IMBALLAGGI,Videos,"avi, mp4, mkv, wmv, mov, flv, mpg, mpeg",ALL,475,282.65 MB
IP-NB21,i.colombo,IMBALLAGGI,Excel,"xlsx, xls, xlsm, ods",ALL,473,70.03 MB
IP-DK21,as.aledi,IMBALLAGGI,Excel,"xlsx, xls, xlsm, ods",ALL,467,66.55 MB
IP-NB25,a.braia,IMBALLAGGI,Word,"doc, docx, docm, odt",ALL,465,35.3 MB
IP-NB24,,IMBALLAGGI,Pdf e XPS,"pdf, xps",ALL,465,616.52 MB
IP-DK21,as.aledi,IMBALLAGGI,Videos,"avi, mp4, mkv, wmv, mov, flv, mpg, mpeg",ALL,464,7.61 GB
IP-NB21,i.colombo,IMBALLAGGI,Word,"doc, docx, docm, odt",ALL,450,81.56 MB
IP-NB04,s.ferrante,IMBALLAGGI,Pdf e XPS,"pdf, xps",ALL,429,526.89 MB
IP-NB02,,IMBALLAGGI,Pdf e XPS,"pdf, xps",ALL,427,303.17 MB
IP-DK07,,IMBALLAGGI,Pdf e XPS,"pdf, xps",ALL,426,279.63 MB
IP-DK30,s.colombo,IMBALLAGGI,Pdf e XPS,"pdf, xps",ALL,421,786.02 MB
IP-DK30,s.colombo,IMBALLAGGI,Excel,"xlsx, xls, xlsm, ods",ALL,417,66.96 MB
IP-DK16,ipplotter,IMBALLAGGI,Pdf e XPS,"pdf, xps",ALL,416,272.72 MB
IP-DK24,s.donati,IMBALLAGGI,File Compressi,"zip, zipx, rar, 7z, gzip, bzip2, tar, z",ALL,411,3.21 GB
IP-DK25,f.santocchi,IMBALLAGGI,File Compressi,"zip, zipx, rar, 7z, gzip, bzip2, tar, z",ALL,405,2.47 GB
IP-NB30,as.aledi,IMBALLAGGI,Videos,"avi, mp4, mkv, wmv, mov, flv, mpg, mpeg",ALL,405,6.61 GB
IP-DK21,as.aledi,IMBALLAGGI,Word,"doc, docx, docm, odt",ALL,394,32.56 MB
IP-NB21,i.colombo,IMBALLAGGI,File Compressi,"zip, zipx, rar, 7z, gzip, bzip2, tar, z",ALL,388,8.56 GB
IP-DK16,ipplotter,IMBALLAGGI,File Compressi,"zip, zipx, rar, 7z, gzip, bzip2, tar, z",ALL,382,1.75 GB
IP-NB24,,IMBALLAGGI,Videos,"avi, mp4, mkv, wmv, mov, flv, mpg, mpeg",ALL,380,210.74 MB
IP-NB31,a.girardi,IMBALLAGGI,File Compressi,"zip, zipx, rar, 7z, gzip, bzip2, tar, z",ALL,377,800.5 MB
IP-NB33,a.caldi,IMBALLAGGI,Excel,"xlsx, xls, xlsm, ods",ALL,376,51.77 MB
IP-WS01,a.essawi,IMBALLAGGI,Audio,"mp3, m4a",ALL,373,2.37 GB
IP-NB01,,IMBALLAGGI,Videos,"avi, mp4, mkv, wmv, mov, flv, mpg, mpeg",ALL,366,3.09 GB
IP-NB26,p.avallone,IMBALLAGGI,Pdf e XPS,"pdf, xps",ALL,366,404.17 MB
IP-DK18,j.gellera,IMBALLAGGI,Pdf e XPS,"pdf, xps",ALL,363,265.62 MB
IP-DK20,e.respizzi,IMBALLAGGI,Videos,"avi, mp4, mkv, wmv, mov, flv, mpg, mpeg",ALL,352,144.82 MB
IP-NB01,,IMBALLAGGI,Excel,"xlsx, xls, xlsm, ods",ALL,352,29.75 MB
IP-DK18,j.gellera,IMBALLAGGI,Excel,"xlsx, xls, xlsm, ods",ALL,351,93.46 MB
IP-DK18,j.gellera,IMBALLAGGI,File Compressi,"zip, zipx, rar, 7z, gzip, bzip2, tar, z",ALL,345,3.12 GB
IP-NB25,a.braia,IMBALLAGGI,File Compressi,"zip, zipx, rar, 7z, gzip, bzip2, tar, z",ALL,340,1.78 GB
IP-NB26,p.avallone,IMBALLAGGI,File Compressi,"zip, zipx, rar, 7z, gzip, bzip2, tar, z",ALL,340,750.12 MB
IP-DK11,c.giroletti,IMBALLAGGI,Videos,"avi, mp4, mkv, wmv, mov, flv, mpg, mpeg",ALL,340,22.43 GB
IP-NB30,as.aledi,IMBALLAGGI,Word,"doc, docx, docm, odt",ALL,337,16.32 MB
IP-NB33,a.caldi,IMBALLAGGI,File Compressi,"zip, zipx, rar, 7z, gzip, bzip2, tar, z",ALL,335,935.38 MB
IP-CV01,,IMBALLAGGI,Pdf e XPS,"pdf, xps",ALL,333,83.84 MB
IP-DK30,s.colombo,IMBALLAGGI,Autocad Files,"dwg, mi, dxf",ALL,330,111.27 MB
IP-NB01,,IMBALLAGGI,Pdf e XPS,"pdf, xps",ALL,328,139.18 MB
IP-NB25,a.braia,IMBALLAGGI,Videos,"avi, mp4, mkv, wmv, mov, flv, mpg, mpeg",ALL,327,805.09 MB
IP-NB32,m.morlacchi,IMBALLAGGI,File Compressi,"zip, zipx, rar, 7z, gzip, bzip2, tar, z",ALL,325,2.33 GB
IP-NB32,m.morlacchi,IMBALLAGGI,Excel,"xlsx, xls, xlsm, ods",ALL,315,178.2 MB
IP-DK27,g.bianchi,IMBALLAGGI,File Compressi,"zip, zipx, rar, 7z, gzip, bzip2, tar, z",ALL,312,27.69 GB
IP-NB24,,IMBALLAGGI,File Compressi,"zip, zipx, rar, 7z, gzip, bzip2, tar, z",ALL,310,1.53 GB
IP-DK22,a.settino,IMBALLAGGI,File Compressi,"zip, zipx, rar, 7z, gzip, bzip2, tar, z",ALL,310,2.89 GB
IP-CV01,,IMBALLAGGI,Videos,"avi, mp4, mkv, wmv, mov, flv, mpg, mpeg",ALL,309,68.86 MB
IP-DK20,e.respizzi,IMBALLAGGI,File Compressi,"zip, zipx, rar, 7z, gzip, bzip2, tar, z",ALL,308,2.35 GB
IP-DK26,a.savi,IMBALLAGGI,Pdf e XPS,"pdf, xps",ALL,306,65.66 MB
IP-NB28,g.gaudenzi,IMBALLAGGI,Excel,"xlsx, xls, xlsm, ods",ALL,306,40.25 MB
IP-DK22,a.settino,IMBALLAGGI,Videos,"avi, mp4, mkv, wmv, mov, flv, mpg, mpeg",ALL,304,85.32 MB
IP-DK18,j.gellera,IMBALLAGGI,Videos,"avi, mp4, mkv, wmv, mov, flv, mpg, mpeg",ALL,301,462.0 MB
IP-DK07,,IMBALLAGGI,Videos,"avi, mp4, mkv, wmv, mov, flv, mpg, mpeg",ALL,292,186.32 MB
IP-CV01,,IMBALLAGGI,File Compressi,"zip, zipx, rar, 7z, gzip, bzip2, tar, z",ALL,291,1.15 GB
IP-NB14,a.essawi,IMBALLAGGI,File Compressi,"zip, zipx, rar, 7z, gzip, bzip2, tar, z",ALL,289,16.58 GB
IP-DK13,bgboard2,IMBALLAGGI,Videos,"avi, mp4, mkv, wmv, mov, flv, mpg, mpeg",ALL,287,235.87 MB
IP-DK18,j.gellera,IMBALLAGGI,Word,"doc, docx, docm, odt",ALL,287,14.9 MB
IP-DK25,f.santocchi,IMBALLAGGI,Videos,"avi, mp4, mkv, wmv, mov, flv, mpg, mpeg",ALL,286,2.22 GB
IP-DK09,m.renda,IMBALLAGGI,Videos,"avi, mp4, mkv, wmv, mov, flv, mpg, mpeg",ALL,285,18.02 MB
IP-NB25,a.braia,IMBALLAGGI,PowerPoint,"ppt, pptxpptm, odp",ALL,284,126.39 MB
IP-NB28,g.gaudenzi,IMBALLAGGI,File Compressi,"zip, zipx, rar, 7z, gzip, bzip2, tar, z",ALL,283,748.06 MB
win10client2,,IMBALLAGGI,Videos,"avi, mp4, mkv, wmv, mov, flv, mpg, mpeg",ALL,275,18.1 MB
IP-DK11,c.giroletti,IMBALLAGGI,Word,"doc, docx, docm, odt",ALL,273,21.48 MB
IP-NB14,a.essawi,IMBALLAGGI,Word,"doc, docx, docm, odt",ALL,273,21.63 MB
IP-NB31,a.girardi,IMBALLAGGI,Videos,"avi, mp4, mkv, wmv, mov, flv, mpg, mpeg",ALL,273,140.17 MB
IP-NB23,d.dozio,IMBALLAGGI,File Compressi,"zip, zipx, rar, 7z, gzip, bzip2, tar, z",ALL,273,3.05 GB
IP-NB05,s.mainenti,IMBALLAGGI,Word,"doc, docx, docm, odt",ALL,270,95.68 MB
IP-NB05,s.mainenti,IMBALLAGGI,Audio,"mp3, m4a",ALL,269,46.71 MB
IP-NB28,g.gaudenzi,IMBALLAGGI,Word,"doc, docx, docm, odt",ALL,266,49.63 MB
IP-NB14,a.essawi,IMBALLAGGI,Autocad Files,"dwg, mi, dxf",ALL,266,57.91 MB
IP-NB33,a.caldi,IMBALLAGGI,Videos,"avi, mp4, mkv, wmv, mov, flv, mpg, mpeg",ALL,265,1.49 GB
IP-DK27,g.bianchi,IMBALLAGGI,Word,"doc, docx, docm, odt",ALL,264,36.16 MB
IP-DK11,c.giroletti,IMBALLAGGI,File Compressi,"zip, zipx, rar, 7z, gzip, bzip2, tar, z",ALL,262,2.14 GB
IP-NB02,,IMBALLAGGI,Word,"doc, docx, docm, odt",ALL,262,81.36 MB
IP-DK24,s.donati,IMBALLAGGI,Videos,"avi, mp4, mkv, wmv, mov, flv, mpg, mpeg",ALL,261,447.09 MB
IP-DK27,g.bianchi,IMBALLAGGI,Videos,"avi, mp4, mkv, wmv, mov, flv, mpg, mpeg",ALL,256,3.29 GB
IP-NB24,,IMBALLAGGI,Word,"doc, docx, docm, odt",ALL,252,7.17 MB
IP-DK21,as.aledi,IMBALLAGGI,File Compressi,"zip, zipx, rar, 7z, gzip, bzip2, tar, z",ALL,250,2.15 GB
IP-NB26,p.avallone,IMBALLAGGI,Videos,"avi, mp4, mkv, wmv, mov, flv, mpg, mpeg",ALL,248,80.2 MB
IP-NB09,s.manoli,IMBALLAGGI,File Compressi,"zip, zipx, rar, 7z, gzip, bzip2, tar, z",ALL,247,3.72 GB
IP-NB33,a.caldi,IMBALLAGGI,Pdf e XPS,"pdf, xps",ALL,243,78.8 MB
IP-CV02,s.donati,IMBALLAGGI,Videos,"avi, mp4, mkv, wmv, mov, flv, mpg, mpeg",ALL,241,56.14 MB
IP-NB30,as.aledi,IMBALLAGGI,File Compressi,"zip, zipx, rar, 7z, gzip, bzip2, tar, z",ALL,240,903.46 MB
IP-NB27,l.daliesio,IMBALLAGGI,Videos,"avi, mp4, mkv, wmv, mov, flv, mpg, mpeg",ALL,240,632.83 MB
win10client1,,IMBALLAGGI,Videos,"avi, mp4, mkv, wmv, mov, flv, mpg, mpeg",ALL,240,22.8 MB
IP-NB32,m.morlacchi,IMBALLAGGI,Videos,"avi, mp4, mkv, wmv, mov, flv, mpg, mpeg",ALL,237,575.75 MB
IP-NB02,,IMBALLAGGI,Excel,"xlsx, xls, xlsm, ods",ALL,236,113.19 MB
IP-DK15,flex,IMBALLAGGI,Videos,"avi, mp4, mkv, wmv, mov, flv, mpg, mpeg",ALL,236,55.77 MB
IP-NB01,,IMBALLAGGI,File Compressi,"zip, zipx, rar, 7z, gzip, bzip2, tar, z",ALL,233,1.76 GB
IP-NB14,a.essawi,IMBALLAGGI,Excel,"xlsx, xls, xlsm, ods",ALL,233,47.91 MB
IP-NB27,l.daliesio,IMBALLAGGI,File Compressi,"zip, zipx, rar, 7z, gzip, bzip2, tar, z",ALL,232,546.71 MB
IP-NB05,s.mainenti,IMBALLAGGI,Excel,"xlsx, xls, xlsm, ods",ALL,228,40.19 MB
IP-DK04,BGBoard1700,IMBALLAGGI,File Compressi,"zip, zipx, rar, 7z, gzip, bzip2, tar, z",ALL,225,2.37 GB
IP-DK23,,IMBALLAGGI,File Compressi,"zip, zipx, rar, 7z, gzip, bzip2, tar, z",ALL,225,2.36 GB
IP-DK32,d.dadamo,IMBALLAGGI,File Compressi,"zip, zipx, rar, 7z, gzip, bzip2, tar, z",ALL,218,1.22 GB
IP-DK23,,IMBALLAGGI,Videos,"avi, mp4, mkv, wmv, mov, flv, mpg, mpeg",ALL,213,86.23 MB
IP-DK30,s.colombo,IMBALLAGGI,Videos,"avi, mp4, mkv, wmv, mov, flv, mpg, mpeg",ALL,208,16.4 MB
IP-DK23,,IMBALLAGGI,Word,"doc, docx, docm, odt",ALL,208,18.24 MB
IP-DK11,c.giroletti,IMBALLAGGI,Audio,"mp3, m4a",ALL,206,763.67 MB
IP-DK07,,IMBALLAGGI,File Compressi,"zip, zipx, rar, 7z, gzip, bzip2, tar, z",ALL,205,2.14 GB
IP-NB05,s.mainenti,IMBALLAGGI,File Compressi,"zip, zipx, rar, 7z, gzip, bzip2, tar, z",ALL,201,1.8 GB
IP-NB32,m.morlacchi,IMBALLAGGI,Pdf e XPS,"pdf, xps",ALL,201,134.47 MB
IP-DK16,ipplotter,IMBALLAGGI,Word,"doc, docx, docm, odt",ALL,195,2.24 MB
IP-DK19,team.leader,IMBALLAGGI,File Compressi,"zip, zipx, rar, 7z, gzip, bzip2, tar, z",ALL,194,1.73 GB
IP-DK31,,IMBALLAGGI,File Compressi,"zip, zipx, rar, 7z, gzip, bzip2, tar, z",ALL,194,2.1 GB
IP-CV01,,IMBALLAGGI,Excel,"xlsx, xls, xlsm, ods",ALL,192,39.89 MB
IP-NB04,s.ferrante,IMBALLAGGI,Word,"doc, docx, docm, odt",ALL,190,5.89 MB
IP-DK32,d.dadamo,IMBALLAGGI,Videos,"avi, mp4, mkv, wmv, mov, flv, mpg, mpeg",ALL,188,206.97 MB
IP-DK31,,IMBALLAGGI,Videos,"avi, mp4, mkv, wmv, mov, flv, mpg, mpeg",ALL,187,125.51 MB
win10client2,,IMBALLAGGI,File Compressi,"zip, zipx, rar, 7z, gzip, bzip2, tar, z",ALL,186,1.0 GB
IP-DK27,g.bianchi,IMBALLAGGI,Excel,"xlsx, xls, xlsm, ods",ALL,183,38.63 MB
IP-DK07,,IMBALLAGGI,Word,"doc, docx, docm, odt",ALL,182,3.23 MB
win10client1,,IMBALLAGGI,File Compressi,"zip, zipx, rar, 7z, gzip, bzip2, tar, z",ALL,179,1.09 GB
IP-DK28,,IMBALLAGGI,File Compressi,"zip, zipx, rar, 7z, gzip, bzip2, tar, z",ALL,177,3.19 GB
IP-NB22,s.monichino,IMBALLAGGI,PowerPoint,"ppt, pptxpptm, odp",ALL,176,3.34 GB
IP-DK22,a.settino,IMBALLAGGI,Word,"doc, docx, docm, odt",ALL,173,1007.15 KB
IP-CV01,,IMBALLAGGI,Word,"doc, docx, docm, odt",ALL,170,1.57 MB
IP-NB04,s.ferrante,IMBALLAGGI,Excel,"xlsx, xls, xlsm, ods",ALL,168,68.44 MB
IP-DK26,a.savi,IMBALLAGGI,File Compressi,"zip, zipx, rar, 7z, gzip, bzip2, tar, z",ALL,164,2.01 GB
IP-DK22,a.settino,IMBALLAGGI,Pdf e XPS,"pdf, xps",ALL,161,43.8 MB
IP-NB29,C.Pappada,IMBALLAGGI,Autocad Files,"dwg, mi, dxf",ALL,160,117.07 MB
win10client2,,IMBALLAGGI,Word,"doc, docx, docm, odt",ALL,156,128.29 KB
IP-NB26,p.avallone,IMBALLAGGI,Word,"doc, docx, docm, odt",ALL,154,897.49 KB
IP-NB33,a.caldi,IMBALLAGGI,Word,"doc, docx, docm, odt",ALL,152,13.78 MB
IP-DK19,team.leader,IMBALLAGGI,Excel,"xlsx, xls, xlsm, ods",ALL,150,13.57 MB
IP-DK28,,IMBALLAGGI,Word,"doc, docx, docm, odt",ALL,150,29.06 MB
IP-DK28,,IMBALLAGGI,Pdf e XPS,"pdf, xps",ALL,144,67.38 MB
IP-DK32,d.dadamo,IMBALLAGGI,Word,"doc, docx, docm, odt",ALL,139,9.15 MB
IP-NB32,m.morlacchi,IMBALLAGGI,Word,"doc, docx, docm, odt",ALL,139,1.59 MB
IP-NB31,a.girardi,IMBALLAGGI,Pdf e XPS,"pdf, xps",ALL,133,39.84 MB
IP-NB31,a.girardi,IMBALLAGGI,Word,"doc, docx, docm, odt",ALL,129,192.25 KB
IP-DK25,f.santocchi,IMBALLAGGI,Audio,"mp3, m4a",ALL,125,804.95 MB
IP-NB01,,IMBALLAGGI,Word,"doc, docx, docm, odt",ALL,124,5.89 MB
win10client1,,IMBALLAGGI,Word,"doc, docx, docm, odt",ALL,124,121.07 KB
IP-DK22,a.settino,IMBALLAGGI,Excel,"xlsx, xls, xlsm, ods",ALL,122,8.27 MB
IP-DK23,,IMBALLAGGI,Excel,"xlsx, xls, xlsm, ods",ALL,117,19.79 MB
IP-NB28,g.gaudenzi,IMBALLAGGI,Autocad Files,"dwg, mi, dxf",ALL,115,35.55 MB
IP-DK31,,IMBALLAGGI,Word,"doc, docx, docm, odt",ALL,114,1.04 MB
IP-NB09,s.manoli,IMBALLAGGI,Audio,"mp3, m4a",ALL,111,616.53 MB
IP-NB23,d.dozio,IMBALLAGGI,Audio,"mp3, m4a",ALL,110,431.88 MB
IP-DK13,bgboard2,IMBALLAGGI,Pdf e XPS,"pdf, xps",ALL,107,136.03 MB
win10client1,,IMBALLAGGI,Excel,"xlsx, xls, xlsm, ods",ALL,102,11.02 MB
IP-DK31,,IMBALLAGGI,Excel,"xlsx, xls, xlsm, ods",ALL,101,64.17 MB
IP-NB33,a.caldi,IMBALLAGGI,Autocad Files,"dwg, mi, dxf",ALL,98,4.98 MB
IP-NB24,,IMBALLAGGI,Audio,"mp3, m4a",ALL,97,227.52 MB
IP-DK32,d.dadamo,IMBALLAGGI,Pdf e XPS,"pdf, xps",ALL,95,41.03 MB
ip-nb34,a.servi,IMBALLAGGI,Word,"doc, docx, docm, odt",ALL,95,158.35 KB
IP-DK27,g.bianchi,IMBALLAGGI,Autocad Files,"dwg, mi, dxf",ALL,94,357.71 MB
ip-nb34,a.servi,IMBALLAGGI,File Compressi,"zip, zipx, rar, 7z, gzip, bzip2, tar, z",ALL,93,312.17 MB
IP-NB31,a.girardi,IMBALLAGGI,Excel,"xlsx, xls, xlsm, ods",ALL,92,3.42 MB
IP-NB29,C.Pappada,IMBALLAGGI,SolidWorks,"sldprt, sldasm, slddrw, sldprt, STEP, STP, SWAR",ALL,89,1016.58 MB
IP-DK16,ipplotter,IMBALLAGGI,Excel,"xlsx, xls, xlsm, ods",ALL,88,20.37 KB
IP-DK12,ip-remote-pc-hp,IMBALLAGGI,Excel,"xlsx, xls, xlsm, ods",ALL,86,5.46 MB
IP-NB29,C.Pappada,IMBALLAGGI,PowerPoint,"ppt, pptxpptm, odp",ALL,85,130.27 MB
win10client2,,IMBALLAGGI,Excel,"xlsx, xls, xlsm, ods",ALL,80,71.14 KB
IP-NB25,a.braia,IMBALLAGGI,Autocad Files,"dwg, mi, dxf",ALL,77,24.73 MB
IP-DK28,,IMBALLAGGI,Excel,"xlsx, xls, xlsm, ods",ALL,76,669.2 KB
IP-DK19,team.leader,IMBALLAGGI,Videos,"avi, mp4, mkv, wmv, mov, flv, mpg, mpeg",ALL,74,91.58 MB
IP-DK13,bgboard2,IMBALLAGGI,File Compressi,"zip, zipx, rar, 7z, gzip, bzip2, tar, z",ALL,72,15.97 MB
IP-DK04,BGBoard1700,IMBALLAGGI,Access,"accdb, mdb, adp, mda, accda, mde, accde, ade, accdw",ALL,70,951.74 KB
IP-NB03,,IMBALLAGGI,Audio,"mp3, m4a",ALL,68,315.29 MB
IP-DK04,BGBoard1700,IMBALLAGGI,Autocad Files,"dwg, mi, dxf",ALL,68,15.74 KB
IP-NB21,i.colombo,IMBALLAGGI,Access,"accdb, mdb, adp, mda, accda, mde, accde, ade, accdw",ALL,68,22.57 MB
IP-NB21,i.colombo,IMBALLAGGI,Autocad Files,"dwg, mi, dxf",ALL,66,49.15 KB
win10client1,,IMBALLAGGI,Pdf e XPS,"pdf, xps",ALL,66,7.27 MB
IP-NB26,p.avallone,IMBALLAGGI,Audio,"mp3, m4a",ALL,65,25.24 MB
IP-DK17,s.mainenti,IMBALLAGGI,Autocad Files,"dwg, mi, dxf",ALL,64,2.69 MB
ip-nb34,a.servi,IMBALLAGGI,Excel,"xlsx, xls, xlsm, ods",ALL,63,2.28 MB
IP-NB28,g.gaudenzi,IMBALLAGGI,Access,"accdb, mdb, adp, mda, accda, mde, accde, ade, accdw",ALL,62,23.4 MB
IP-DK19,team.leader,IMBALLAGGI,Word,"doc, docx, docm, odt",ALL,57,2.21 MB
IP-DK30,s.colombo,IMBALLAGGI,Outlook Data Files,"pst, ost",ALL,56,2.16 GB
IP-DK25,f.santocchi,IMBALLAGGI,Access,"accdb, mdb, adp, mda, accda, mde, accde, ade, accdw",ALL,54,37.29 MB
IP-NB02,,IMBALLAGGI,Audio,"mp3, m4a",ALL,53,334.82 MB
IP-NB28,g.gaudenzi,IMBALLAGGI,Outlook Data Files,"pst, ost",ALL,53,2.53 GB
win10client2,,IMBALLAGGI,Pdf e XPS,"pdf, xps",ALL,53,1.04 MB
IP-DK26,a.savi,IMBALLAGGI,Excel,"xlsx, xls, xlsm, ods",ALL,53,24.15 MB
IP-DK25,f.santocchi,IMBALLAGGI,Outlook Data Files,"pst, ost",ALL,52,104.02 GB
IP-CV02,s.donati,IMBALLAGGI,Audio,"mp3, m4a",ALL,52,14.74 MB
IP-NB24,,IMBALLAGGI,Access,"accdb, mdb, adp, mda, accda, mde, accde, ade, accdw",ALL,52,22.57 MB
IP-DK17,s.mainenti,IMBALLAGGI,Access,"accdb, mdb, adp, mda, accda, mde, accde, ade, accdw",ALL,49,24.02 MB
IP-NB24,,IMBALLAGGI,Autocad Files,"dwg, mi, dxf",ALL,48,11.13 KB
IP-NB09,s.manoli,IMBALLAGGI,Autocad Files,"dwg, mi, dxf",ALL,47,4.15 MB
IP-NB11,a.iozzolino,IMBALLAGGI,Audio,"mp3, m4a",ALL,47,52.11 MB
IP-DK04,BGBoard1700,IMBALLAGGI,Audio,"mp3, m4a",ALL,47,95.85 MB
IP-DK20,e.respizzi,IMBALLAGGI,Access,"accdb, mdb, adp, mda, accda, mde, accde, ade, accdw",ALL,47,534.38 KB
IP-DK07,,IMBALLAGGI,Audio,"mp3, m4a",ALL,47,15.75 MB
IP-DK20,e.respizzi,IMBALLAGGI,Autocad Files,"dwg, mi, dxf",ALL,46,10.38 KB
IP-DK11,c.giroletti,IMBALLAGGI,Access,"accdb, mdb, adp, mda, accda, mde, accde, ade, accdw",ALL,46,22.56 MB
ip-nb34,a.servi,IMBALLAGGI,Pdf e XPS,"pdf, xps",ALL,45,11.97 MB
IP-DK15,flex,IMBALLAGGI,Access,"accdb, mdb, adp, mda, accda, mde, accde, ade, accdw",ALL,45,46.71 MB
IP-DK16,ipplotter,IMBALLAGGI,Access,"accdb, mdb, adp, mda, accda, mde, accde, ade, accdw",ALL,44,10.18 KB
IP-DK13,bgboard2,IMBALLAGGI,Access,"accdb, mdb, adp, mda, accda, mde, accde, ade, accdw",ALL,44,212.45 MB
IP-DK07,,IMBALLAGGI,Access,"accdb, mdb, adp, mda, accda, mde, accde, ade, accdw",ALL,44,22.74 MB
IP-NB09,s.manoli,IMBALLAGGI,PowerPoint,"ppt, pptxpptm, odp",ALL,44,144.83 MB
IP-DK18,j.gellera,IMBALLAGGI,Access,"accdb, mdb, adp, mda, accda, mde, accde, ade, accdw",ALL,43,20.56 MB
IP-NB25,a.braia,IMBALLAGGI,Access,"accdb, mdb, adp, mda, accda, mde, accde, ade, accdw",ALL,43,23.06 MB
IP-DK13,bgboard2,IMBALLAGGI,Excel,"xlsx, xls, xlsm, ods",ALL,43,387.62 KB
IP-NB04,s.ferrante,IMBALLAGGI,Access,"accdb, mdb, adp, mda, accda, mde, accde, ade, accdw",ALL,42,9.47 KB
IP-NB04,s.ferrante,IMBALLAGGI,Autocad Files,"dwg, mi, dxf",ALL,42,9.47 KB
IP-DK11,c.giroletti,IMBALLAGGI,Autocad Files,"dwg, mi, dxf",ALL,42,9.47 KB
IP-NB30,as.aledi,IMBALLAGGI,Access,"accdb, mdb, adp, mda, accda, mde, accde, ade, accdw",ALL,42,22.56 MB
IP-DK24,s.donati,IMBALLAGGI,Access,"accdb, mdb, adp, mda, accda, mde, accde, ade, accdw",ALL,41,25.03 MB
IP-DK26,a.savi,IMBALLAGGI,Videos,"avi, mp4, mkv, wmv, mov, flv, mpg, mpeg",ALL,40,15.01 MB
IP-DK22,a.settino,IMBALLAGGI,Access,"accdb, mdb, adp, mda, accda, mde, accde, ade, accdw",ALL,40,1.02 MB
IP-DK21,as.aledi,IMBALLAGGI,Audio,"mp3, m4a",ALL,40,223.75 MB
IP-DK24,s.donati,IMBALLAGGI,Autocad Files,"dwg, mi, dxf",ALL,40,1.65 MB
IP-CV01,,IMBALLAGGI,Access,"accdb, mdb, adp, mda, accda, mde, accde, ade, accdw",ALL,40,1.1 MB
IP-NB01,,IMBALLAGGI,Autocad Files,"dwg, mi, dxf",ALL,40,14.86 MB
IP-NB05,s.mainenti,IMBALLAGGI,Access,"accdb, mdb, adp, mda, accda, mde, accde, ade, accdw",ALL,39,23.09 MB
IP-CV01,,IMBALLAGGI,Audio,"mp3, m4a",ALL,39,11.82 MB
win10client2,,IMBALLAGGI,Access,"accdb, mdb, adp, mda, accda, mde, accde, ade, accdw",ALL,38,8.57 KB
IP-WS01,a.essawi,IMBALLAGGI,PowerPoint,"ppt, pptxpptm, odp",ALL,38,27.22 MB
IP-NB30,as.aledi,IMBALLAGGI,Autocad Files,"dwg, mi, dxf",ALL,38,8.57 KB
win10client2,,IMBALLAGGI,Autocad Files,"dwg, mi, dxf",ALL,38,8.57 KB
IP-NB02,,IMBALLAGGI,Access,"accdb, mdb, adp, mda, accda, mde, accde, ade, accdw",ALL,38,1.44 MB
IP-DK07,,IMBALLAGGI,Autocad Files,"dwg, mi, dxf",ALL,38,8.57 KB
IP-DK18,j.gellera,IMBALLAGGI,Autocad Files,"dwg, mi, dxf",ALL,38,8.57 KB
IP-DK09,m.renda,IMBALLAGGI,Autocad Files,"dwg, mi, dxf",ALL,38,8.57 KB
IP-WS01,a.essawi,IMBALLAGGI,Access,"accdb, mdb, adp, mda, accda, mde, accde, ade, accdw",ALL,38,2.77 MB
IP-DK22,a.settino,IMBALLAGGI,Autocad Files,"dwg, mi, dxf",ALL,38,8.57 KB
IP-DK09,m.renda,IMBALLAGGI,Access,"accdb, mdb, adp, mda, accda, mde, accde, ade, accdw",ALL,38,8.57 KB
IP-CV01,,IMBALLAGGI,Autocad Files,"dwg, mi, dxf",ALL,38,8.57 KB
IP-NB11,a.iozzolino,IMBALLAGGI,Autocad Files,"dwg, mi, dxf",ALL,37,1.04 MB
IP-NB05,s.mainenti,IMBALLAGGI,Autocad Files,"dwg, mi, dxf",ALL,35,34.94 KB
IP-DK27,g.bianchi,IMBALLAGGI,Audio,"mp3, m4a",ALL,35,255.76 MB
win10client1,,IMBALLAGGI,Audio,"mp3, m4a",ALL,35,1.39 MB
IP-NB26,p.avallone,IMBALLAGGI,Access,"accdb, mdb, adp, mda, accda, mde, accde, ade, accdw",ALL,34,22.56 MB
IP-NB09,s.manoli,IMBALLAGGI,Access,"accdb, mdb, adp, mda, accda, mde, accde, ade, accdw",ALL,34,22.56 MB
IP-NB02,,IMBALLAGGI,Autocad Files,"dwg, mi, dxf",ALL,34,7.67 KB
IP-NB31,a.girardi,IMBALLAGGI,Access,"accdb, mdb, adp, mda, accda, mde, accde, ade, accdw",ALL,34,22.56 MB
IP-DK23,,IMBALLAGGI,Access,"accdb, mdb, adp, mda, accda, mde, accde, ade, accdw",ALL,33,5.54 MB
IP-NB14,a.essawi,IMBALLAGGI,Access,"accdb, mdb, adp, mda, accda, mde, accde, ade, accdw",ALL,32,988.77 KB
IP-NB23,d.dozio,IMBALLAGGI,Autocad Files,"dwg, mi, dxf",ALL,32,33.63 MB
IP-NB22,s.monichino,IMBALLAGGI,Autocad Files,"dwg, mi, dxf",ALL,32,1.91 MB
IP-NB27,l.daliesio,IMBALLAGGI,Access,"accdb, mdb, adp, mda, accda, mde, accde, ade, accdw",ALL,32,23.36 MB
IP-NB27,l.daliesio,IMBALLAGGI,Autocad Files,"dwg, mi, dxf",ALL,32,29.07 MB
IP-DK21,as.aledi,IMBALLAGGI,Access,"accdb, mdb, adp, mda, accda, mde, accde, ade, accdw",ALL,32,1.03 MB
IP-NB26,p.avallone,IMBALLAGGI,Autocad Files,"dwg, mi, dxf",ALL,31,597.87 KB
IP-NB32,m.morlacchi,IMBALLAGGI,Access,"accdb, mdb, adp, mda, accda, mde, accde, ade, accdw",ALL,30,22.56 MB
IP-NB22,s.monichino,IMBALLAGGI,Access,"accdb, mdb, adp, mda, accda, mde, accde, ade, accdw",ALL,30,22.56 MB
IP-DK21,as.aledi,IMBALLAGGI,Autocad Files,"dwg, mi, dxf",ALL,30,6.77 KB
win10client1,,IMBALLAGGI,Access,"accdb, mdb, adp, mda, accda, mde, accde, ade, accdw",ALL,30,6.77 KB
IP-DK25,f.santocchi,IMBALLAGGI,Autocad Files,"dwg, mi, dxf",ALL,30,6.77 KB
win10client1,,IMBALLAGGI,Autocad Files,"dwg, mi, dxf",ALL,30,6.77 KB
IP-DK28,,IMBALLAGGI,Access,"accdb, mdb, adp, mda, accda, mde, accde, ade, accdw",ALL,30,6.77 KB
IP-DK28,,IMBALLAGGI,Autocad Files,"dwg, mi, dxf",ALL,30,6.77 KB
IP-NB33,a.caldi,IMBALLAGGI,Access,"accdb, mdb, adp, mda, accda, mde, accde, ade, accdw",ALL,30,22.56 MB
IP-NB31,a.girardi,IMBALLAGGI,Autocad Files,"dwg, mi, dxf",ALL,30,6.77 KB
IP-NB01,,IMBALLAGGI,Access,"accdb, mdb, adp, mda, accda, mde, accde, ade, accdw",ALL,30,22.56 MB
IP-NB29,C.Pappada,IMBALLAGGI,Access,"accdb, mdb, adp, mda, accda, mde, accde, ade, accdw",ALL,30,22.56 MB
IP-DK17,s.mainenti,IMBALLAGGI,Audio,"mp3, m4a",ALL,30,91.58 MB
IP-NB11,a.iozzolino,IMBALLAGGI,Access,"accdb, mdb, adp, mda, accda, mde, accde, ade, accdw",ALL,30,20.05 MB
IP-NB03,,IMBALLAGGI,Outlook Data Files,"pst, ost",ALL,28,101.21 GB
IP-NB32,m.morlacchi,IMBALLAGGI,Autocad Files,"dwg, mi, dxf",ALL,26,5.87 KB
IP-DK26,a.savi,IMBALLAGGI,Word,"doc, docx, docm, odt",ALL,26,5.77 MB
IP-DK23,,IMBALLAGGI,Autocad Files,"dwg, mi, dxf",ALL,26,5.87 KB
IP-DK30,s.colombo,IMBALLAGGI,Access,"accdb, mdb, adp, mda, accda, mde, accde, ade, accdw",ALL,26,5.87 KB
IP-DK27,g.bianchi,IMBALLAGGI,Access,"accdb, mdb, adp, mda, accda, mde, accde, ade, accdw",ALL,26,5.87 KB
ip-nb34,a.servi,IMBALLAGGI,Access,"accdb, mdb, adp, mda, accda, mde, accde, ade, accdw",ALL,23,532.96 KB
IP-NB11,a.iozzolino,IMBALLAGGI,PowerPoint,"ppt, pptxpptm, odp",ALL,23,51.8 MB
IP-DK09,m.renda,IMBALLAGGI,Outlook Data Files,"pst, ost",ALL,23,67.45 GB
win10client2,,IMBALLAGGI,Audio,"mp3, m4a",ALL,23,838.4 KB
ip-nb34,a.servi,IMBALLAGGI,Autocad Files,"dwg, mi, dxf",ALL,22,4.96 KB
IP-DK12,ip-remote-pc-hp,IMBALLAGGI,Autocad Files,"dwg, mi, dxf",ALL,22,4.96 KB
IP-DK12,ip-remote-pc-hp,IMBALLAGGI,Access,"accdb, mdb, adp, mda, accda, mde, accde, ade, accdw",ALL,22,4.96 KB
IP-NB30,as.aledi,IMBALLAGGI,Audio,"mp3, m4a",ALL,22,62.17 MB
IP-DK31,,IMBALLAGGI,Autocad Files,"dwg, mi, dxf",ALL,22,4.96 KB
IP-DK31,,IMBALLAGGI,Access,"accdb, mdb, adp, mda, accda, mde, accde, ade, accdw",ALL,22,4.96 KB
IP-DK20,e.respizzi,IMBALLAGGI,Audio,"mp3, m4a",ALL,21,5.96 MB
IP-NB23,d.dozio,IMBALLAGGI,Access,"accdb, mdb, adp, mda, accda, mde, accde, ade, accdw",ALL,20,23.05 MB
IP-NB01,,IMBALLAGGI,SolidWorks,"sldprt, sldasm, slddrw, sldprt, STEP, STP, SWAR",ALL,19,321.58 MB
IP-NB23,d.dozio,IMBALLAGGI,PowerPoint,"ppt, pptxpptm, odp",ALL,19,3.93 MB
IP-DK32,d.dadamo,IMBALLAGGI,Access,"accdb, mdb, adp, mda, accda, mde, accde, ade, accdw",ALL,18,4.06 KB
IP-NB28,g.gaudenzi,IMBALLAGGI,Audio,"mp3, m4a",ALL,18,255.84 MB
IP-DK32,d.dadamo,IMBALLAGGI,Autocad Files,"dwg, mi, dxf",ALL,18,4.06 KB
IP-DK13,bgboard2,IMBALLAGGI,Autocad Files,"dwg, mi, dxf",ALL,18,4.06 KB
IP-NB07,g.lorenzi,IMBALLAGGI,Audio,"mp3, m4a",ALL,18,8.66 MB
IP-DK22,a.settino,IMBALLAGGI,Audio,"mp3, m4a",ALL,17,963.25 KB
IP-WS01,a.essawi,IMBALLAGGI,SolidWorks,"sldprt, sldasm, slddrw, sldprt, STEP, STP, SWAR",ALL,16,130.46 MB
IP-NB32,m.morlacchi,IMBALLAGGI,Audio,"mp3, m4a",ALL,15,10.23 MB
IP-NB28,g.gaudenzi,IMBALLAGGI,PowerPoint,"ppt, pptxpptm, odp",ALL,15,1.59 MB
IP-DK19,team.leader,IMBALLAGGI,PowerPoint,"ppt, pptxpptm, odp",ALL,14,505.0 KB
IP-NB01,,IMBALLAGGI,PowerPoint,"ppt, pptxpptm, odp",ALL,14,18.37 MB
IP-NB33,a.caldi,IMBALLAGGI,Audio,"mp3, m4a",ALL,13,5.41 MB
IP-DK18,j.gellera,IMBALLAGGI,Audio,"mp3, m4a",ALL,13,515.92 KB
IP-DK17,s.mainenti,IMBALLAGGI,SolidWorks,"sldprt, sldasm, slddrw, sldprt, STEP, STP, SWAR",ALL,13,11.22 MB
IP-NB24,,IMBALLAGGI,PowerPoint,"ppt, pptxpptm, odp",ALL,13,375.14 MB
IP-NB30,as.aledi,IMBALLAGGI,PowerPoint,"ppt, pptxpptm, odp",ALL,12,31.31 MB
IP-DK18,j.gellera,IMBALLAGGI,PowerPoint,"ppt, pptxpptm, odp",ALL,12,240.0 KB
IP-DK22,a.settino,IMBALLAGGI,PowerPoint,"ppt, pptxpptm, odp",ALL,12,226.0 KB
IP-DK17,s.mainenti,IMBALLAGGI,Outlook Data Files,"pst, ost",ALL,12,80.4 GB
IP-NB09,s.manoli,IMBALLAGGI,Outlook Data Files,"pst, ost",ALL,12,33.97 GB
IP-DK15,flex,IMBALLAGGI,Audio,"mp3, m4a",ALL,11,360.55 KB
IP-NB31,a.girardi,IMBALLAGGI,Audio,"mp3, m4a",ALL,11,5.24 MB
IP-NB29,C.Pappada,IMBALLAGGI,Audio,"mp3, m4a",ALL,11,9.99 MB
IP-NB04,s.ferrante,IMBALLAGGI,Audio,"mp3, m4a",ALL,11,539.44 KB
IP-DK19,team.leader,IMBALLAGGI,Audio,"mp3, m4a",ALL,11,547.37 KB
IP-NB07,g.lorenzi,IMBALLAGGI,Outlook Data Files,"pst, ost",ALL,11,28.38 GB
IP-DK09,m.renda,IMBALLAGGI,Audio,"mp3, m4a",ALL,11,5.75 MB
IP-DK24,s.donati,IMBALLAGGI,Audio,"mp3, m4a",ALL,11,484.47 KB
IP-DK12,ip-remote-pc-hp,IMBALLAGGI,SolidWorks,"sldprt, sldasm, slddrw, sldprt, STEP, STP, SWAR",ALL,10,27.42 KB
IP-DK21,as.aledi,IMBALLAGGI,PowerPoint,"ppt, pptxpptm, odp",ALL,10,1012.0 KB
IP-DK31,,IMBALLAGGI,Audio,"mp3, m4a",ALL,10,9.83 MB
IP-DK28,,IMBALLAGGI,Audio,"mp3, m4a",ALL,10,14.03 MB
IP-NB25,a.braia,IMBALLAGGI,Audio,"mp3, m4a",ALL,10,5.23 MB
IP-DK30,s.colombo,IMBALLAGGI,Audio,"mp3, m4a",ALL,10,498.32 KB
IP-DK23,,IMBALLAGGI,Audio,"mp3, m4a",ALL,10,496.47 KB
IP-NB33,a.caldi,IMBALLAGGI,PowerPoint,"ppt, pptxpptm, odp",ALL,10,1.58 MB
IP-NB22,s.monichino,IMBALLAGGI,Outlook Data Files,"pst, ost",ALL,10,40.43 GB
IP-NB21,i.colombo,IMBALLAGGI,Audio,"mp3, m4a",ALL,10,484.47 KB
IP-DK32,d.dadamo,IMBALLAGGI,Audio,"mp3, m4a",ALL,10,5.23 MB
IP-DK11,c.giroletti,IMBALLAGGI,PowerPoint,"ppt, pptxpptm, odp",ALL,9,3.56 MB
IP-NB27,l.daliesio,IMBALLAGGI,Audio,"mp3, m4a",ALL,9,5.22 MB
IP-DK26,a.savi,IMBALLAGGI,Outlook Data Files,"pst, ost",ALL,9,8.2 GB
IP-DK26,a.savi,IMBALLAGGI,Audio,"mp3, m4a",ALL,9,482.61 KB
ip-nb34,a.servi,IMBALLAGGI,Audio,"mp3, m4a",ALL,9,484.47 KB
IP-NB01,,IMBALLAGGI,Audio,"mp3, m4a",ALL,9,484.47 KB
IP-DK12,ip-remote-pc-hp,IMBALLAGGI,Audio,"mp3, m4a",ALL,8,323.56 KB
IP-DK16,ipplotter,IMBALLAGGI,Audio,"mp3, m4a",ALL,8,34.9 MB
IP-NB14,a.essawi,IMBALLAGGI,PowerPoint,"ppt, pptxpptm, odp",ALL,8,1.71 MB
IP-DK07,,IMBALLAGGI,PowerPoint,"ppt, pptxpptm, odp",ALL,8,199.0 KB
IP-NB26,p.avallone,IMBALLAGGI,PowerPoint,"ppt, pptxpptm, odp",ALL,8,199.0 KB
IP-DK27,g.bianchi,IMBALLAGGI,PowerPoint,"ppt, pptxpptm, odp",ALL,8,1.71 MB
IP-NB32,m.morlacchi,IMBALLAGGI,PowerPoint,"ppt, pptxpptm, odp",ALL,8,199.0 KB
IP-DK24,s.donati,IMBALLAGGI,PowerPoint,"ppt, pptxpptm, odp",ALL,8,312.0 KB
IP-DK11,c.giroletti,IMBALLAGGI,Outlook Data Files,"pst, ost",ALL,8,5.66 GB
IP-DK15,flex,IMBALLAGGI,PowerPoint,"ppt, pptxpptm, odp",ALL,8,382.0 KB
IP-WS01,a.essawi,IMBALLAGGI,Outlook Data Files,"pst, ost",ALL,7,6.62 GB
IP-NB05,s.mainenti,IMBALLAGGI,PowerPoint,"ppt, pptxpptm, odp",ALL,7,2.0 MB
IP-NB27,l.daliesio,IMBALLAGGI,PowerPoint,"ppt, pptxpptm, odp",ALL,6,175.0 KB
IP-NB14,a.essawi,IMBALLAGGI,Outlook Data Files,"pst, ost",ALL,6,4.38 GB
IP-NB27,l.daliesio,IMBALLAGGI,SolidWorks,"sldprt, sldasm, slddrw, sldprt, STEP, STP, SWAR",ALL,6,26.0 MB
IP-DK30,s.colombo,IMBALLAGGI,PowerPoint,"ppt, pptxpptm, odp",ALL,6,175.0 KB
IP-CV01,,IMBALLAGGI,PowerPoint,"ppt, pptxpptm, odp",ALL,6,175.0 KB
IP-NB28,g.gaudenzi,IMBALLAGGI,SolidWorks,"sldprt, sldasm, slddrw, sldprt, STEP, STP, SWAR",ALL,6,486.68 MB
IP-DK20,e.respizzi,IMBALLAGGI,PowerPoint,"ppt, pptxpptm, odp",ALL,6,175.0 KB
IP-DK26,a.savi,IMBALLAGGI,PowerPoint,"ppt, pptxpptm, odp",ALL,6,175.0 KB
IP-DK09,m.renda,IMBALLAGGI,PowerPoint,"ppt, pptxpptm, odp",ALL,6,175.0 KB
IP-NB21,i.colombo,IMBALLAGGI,PowerPoint,"ppt, pptxpptm, odp",ALL,6,175.0 KB
IP-DK23,,IMBALLAGGI,PowerPoint,"ppt, pptxpptm, odp",ALL,6,175.0 KB
IP-DK32,d.dadamo,IMBALLAGGI,PowerPoint,"ppt, pptxpptm, odp",ALL,6,175.0 KB
IP-NB33,a.caldi,IMBALLAGGI,Outlook Data Files,"pst, ost",ALL,6,10.83 GB
IP-NB31,a.girardi,IMBALLAGGI,PowerPoint,"ppt, pptxpptm, odp",ALL,6,175.0 KB
IP-DK25,f.santocchi,IMBALLAGGI,PowerPoint,"ppt, pptxpptm, odp",ALL,6,175.0 KB
IP-NB04,s.ferrante,IMBALLAGGI,PowerPoint,"ppt, pptxpptm, odp",ALL,6,175.0 KB
IP-DK28,,IMBALLAGGI,PowerPoint,"ppt, pptxpptm, odp",ALL,6,175.0 KB
IP-NB02,,IMBALLAGGI,PowerPoint,"ppt, pptxpptm, odp",ALL,6,175.0 KB
IP-DK12,ip-remote-pc-hp,IMBALLAGGI,PowerPoint,"ppt, pptxpptm, odp",ALL,6,175.0 KB
IP-DK31,,IMBALLAGGI,PowerPoint,"ppt, pptxpptm, odp",ALL,6,175.0 KB
ip-nb34,a.servi,IMBALLAGGI,PowerPoint,"ppt, pptxpptm, odp",ALL,6,175.0 KB
IP-DK19,team.leader,IMBALLAGGI,Access,"accdb, mdb, adp, mda, accda, mde, accde, ade, accdw",ALL,5,20.56 MB
win10client2,,IMBALLAGGI,PowerPoint,"ppt, pptxpptm, odp",ALL,4,34.0 KB
IP-NB31,a.girardi,IMBALLAGGI,Outlook Data Files,"pst, ost",ALL,4,7.71 GB
IP-NB25,a.braia,IMBALLAGGI,Outlook Data Files,"pst, ost",ALL,4,3.91 GB
IP-DK15,flex,IMBALLAGGI,SolidWorks,"sldprt, sldasm, slddrw, sldprt, STEP, STP, SWAR",ALL,4,8.43 MB
IP-DK20,e.respizzi,IMBALLAGGI,Outlook Data Files,"pst, ost",ALL,4,10.89 GB
win10client1,,IMBALLAGGI,PowerPoint,"ppt, pptxpptm, odp",ALL,4,34.0 KB
IP-DK19,team.leader,IMBALLAGGI,Outlook Data Files,"pst, ost",ALL,4,4.04 GB
IP-CV01,,IMBALLAGGI,Outlook Data Files,"pst, ost",ALL,3,11.71 GB
IP-DK24,s.donati,IMBALLAGGI,Outlook Data Files,"pst, ost",ALL,3,38.31 GB
IP-NB11,a.iozzolino,IMBALLAGGI,Outlook Data Files,"pst, ost",ALL,3,31.74 GB
IP-NB02,,IMBALLAGGI,SolidWorks,"sldprt, sldasm, slddrw, sldprt, STEP, STP, SWAR",ALL,3,1.13 MB
IP-NB04,s.ferrante,IMBALLAGGI,Outlook Data Files,"pst, ost",ALL,3,1018.4 MB
IP-NB24,,IMBALLAGGI,Outlook Data Files,"pst, ost",ALL,3,8.11 GB
IP-NB30,as.aledi,IMBALLAGGI,Outlook Data Files,"pst, ost",ALL,3,7.89 GB
IP-NB05,s.mainenti,IMBALLAGGI,Outlook Data Files,"pst, ost",ALL,3,8.18 GB
IP-DK13,bgboard2,IMBALLAGGI,Audio,"mp3, m4a",ALL,3,16.57 MB
IP-DK04,BGBoard1700,IMBALLAGGI,SolidWorks,"sldprt, sldasm, slddrw, sldprt, STEP, STP, SWAR",ALL,2,0.59 KB
IP-DK07,,IMBALLAGGI,Outlook Data Files,"pst, ost",ALL,2,2.47 GB
IP-DK22,a.settino,IMBALLAGGI,Outlook Data Files,"pst, ost",ALL,2,3.73 GB
IP-NB02,,IMBALLAGGI,Outlook Data Files,"pst, ost",ALL,2,2.53 GB
IP-NB21,i.colombo,IMBALLAGGI,Outlook Data Files,"pst, ost",ALL,2,22.18 GB
IP-DK04,BGBoard1700,IMBALLAGGI,PowerPoint,"ppt, pptxpptm, odp",ALL,2,141.0 KB
IP-NB29,C.Pappada,IMBALLAGGI,Outlook Data Files,"pst, ost",ALL,2,2.58 GB
IP-DK18,j.gellera,IMBALLAGGI,Outlook Data Files,"pst, ost",ALL,2,747.86 MB
IP-DK16,ipplotter,IMBALLAGGI,SolidWorks,"sldprt, sldasm, slddrw, sldprt, STEP, STP, SWAR",ALL,2,2.76 KB
IP-NB09,s.manoli,IMBALLAGGI,SolidWorks,"sldprt, sldasm, slddrw, sldprt, STEP, STP, SWAR",ALL,2,807.82 KB
IP-NB23,d.dozio,IMBALLAGGI,Outlook Data Files,"pst, ost",ALL,2,5.05 GB
IP-DK15,flex,IMBALLAGGI,Outlook Data Files,"pst, ost",ALL,2,6.21 KB
IP-DK13,bgboard2,IMBALLAGGI,SolidWorks,"sldprt, sldasm, slddrw, sldprt, STEP, STP, SWAR",ALL,2,2.76 KB
IP-DK21,as.aledi,IMBALLAGGI,Outlook Data Files,"pst, ost",ALL,2,10.25 GB
IP-DK13,bgboard2,IMBALLAGGI,PowerPoint,"ppt, pptxpptm, odp",ALL,2,141.0 KB
IP-CV02,s.donati,IMBALLAGGI,Outlook Data Files,"pst, ost",ALL,2,5.9 GB
IP-DK12,ip-remote-pc-hp,IMBALLAGGI,Outlook Data Files,"pst, ost",ALL,1,16.04 MB
IP-DK23,,IMBALLAGGI,Outlook Data Files,"pst, ost",ALL,1,2.33 GB
IP-DK31,,IMBALLAGGI,Outlook Data Files,"pst, ost",ALL,1,1.83 GB
IP-NB27,l.daliesio,IMBALLAGGI,Outlook Data Files,"pst, ost",ALL,1,1.58 GB
IP-NB32,m.morlacchi,IMBALLAGGI,Outlook Data Files,"pst, ost",ALL,1,381.88 MB
IP-DK28,,IMBALLAGGI,Outlook Data Files,"pst, ost",ALL,1,5.78 GB
IP-DK04,BGBoard1700,IMBALLAGGI,Outlook Data Files,"pst, ost",ALL,1,1.48 GB
IP-NB01,,IMBALLAGGI,Outlook Data Files,"pst, ost",ALL,1,3.37 GB
IP-DK32,d.dadamo,IMBALLAGGI,Outlook Data Files,"pst, ost",ALL,1,874.98 MB
IP-NB23,d.dozio,IMBALLAGGI,SolidWorks,"sldprt, sldasm, slddrw, sldprt, STEP, STP, SWAR",ALL,1,350.17 KB
IP-NB26,p.avallone,IMBALLAGGI,Outlook Data Files,"pst, ost",ALL,1,2.95 GB
IP-DK27,g.bianchi,IMBALLAGGI,Outlook Data Files,"pst, ost",ALL,1,1.03 GB
IP-NB25,a.braia,IMBALLAGGI,SolidWorks,"sldprt, sldasm, slddrw, sldprt, STEP, STP, SWAR",ALL,1,2.06 MB
ip-nb34,a.servi,IMBALLAGGI,Outlook Data Files,"pst, ost",ALL,1,31.95 MB
IP-DK19,team.leader,IMBALLAGGI,File CAD criptati,sbe,ALL,0,0 MB
IP-NB21,i.colombo,IMBALLAGGI,SolidWorks,"sldprt, sldasm, slddrw, sldprt, STEP, STP, SWAR",ALL,0,0 MB
IP-NB21,i.colombo,IMBALLAGGI,File CAD criptati,sbe,ALL,0,0 MB
IP-NB14,a.essawi,IMBALLAGGI,SolidWorks,"sldprt, sldasm, slddrw, sldprt, STEP, STP, SWAR",ALL,0,0 MB
IP-NB24,,IMBALLAGGI,File CAD criptati,sbe,ALL,0,0 MB
IP-NB14,a.essawi,IMBALLAGGI,File CAD criptati,sbe,ALL,0,0 MB
IP-NB24,,IMBALLAGGI,SolidWorks,"sldprt, sldasm, slddrw, sldprt, STEP, STP, SWAR",ALL,0,0 MB
IP-DK19,team.leader,IMBALLAGGI,Autocad Files,"dwg, mi, dxf",ALL,0,0 MB
IP-DK30,s.colombo,IMBALLAGGI,SolidWorks,"sldprt, sldasm, slddrw, sldprt, STEP, STP, SWAR",ALL,0,0 MB
IP-DK30,s.colombo,IMBALLAGGI,File CAD criptati,sbe,ALL,0,0 MB
IP-NB23,d.dozio,IMBALLAGGI,File CAD criptati,sbe,ALL,0,0 MB
IP-DK12,ip-remote-pc-hp,IMBALLAGGI,File CAD criptati,sbe,ALL,0,0 MB
IP-DK27,g.bianchi,IMBALLAGGI,File CAD criptati,sbe,ALL,0,0 MB
IP-NB09,s.manoli,IMBALLAGGI,File CAD criptati,sbe,ALL,0,0 MB
IP-DK21,as.aledi,IMBALLAGGI,File CAD criptati,sbe,ALL,0,0 MB
IP-DK24,s.donati,IMBALLAGGI,SolidWorks,"sldprt, sldasm, slddrw, sldprt, STEP, STP, SWAR",ALL,0,0 MB
IP-DK21,as.aledi,IMBALLAGGI,SolidWorks,"sldprt, sldasm, slddrw, sldprt, STEP, STP, SWAR",ALL,0,0 MB
IP-DK24,s.donati,IMBALLAGGI,File CAD criptati,sbe,ALL,0,0 MB
IP-NB27,l.daliesio,IMBALLAGGI,File CAD criptati,sbe,ALL,0,0 MB
IP-DK15,flex,IMBALLAGGI,File CAD criptati,sbe,ALL,0,0 MB
IP-NB22,s.monichino,IMBALLAGGI,File CAD criptati,sbe,ALL,0,0 MB
IP-DK27,g.bianchi,IMBALLAGGI,SolidWorks,"sldprt, sldasm, slddrw, sldprt, STEP, STP, SWAR",ALL,0,0 MB
IP-DK32,d.dadamo,IMBALLAGGI,SolidWorks,"sldprt, sldasm, slddrw, sldprt, STEP, STP, SWAR",ALL,0,0 MB
IP-DK32,d.dadamo,IMBALLAGGI,File CAD criptati,sbe,ALL,0,0 MB
IP-DK23,,IMBALLAGGI,File CAD criptati,sbe,ALL,0,0 MB
IP-DK31,,IMBALLAGGI,SolidWorks,"sldprt, sldasm, slddrw, sldprt, STEP, STP, SWAR",ALL,0,0 MB
IP-DK23,,IMBALLAGGI,SolidWorks,"sldprt, sldasm, slddrw, sldprt, STEP, STP, SWAR",ALL,0,0 MB
IP-DK31,,IMBALLAGGI,File CAD criptati,sbe,ALL,0,0 MB
IP-DK09,m.renda,IMBALLAGGI,File CAD criptati,sbe,ALL,0,0 MB
IP-DK09,m.renda,IMBALLAGGI,SolidWorks,"sldprt, sldasm, slddrw, sldprt, STEP, STP, SWAR",ALL,0,0 MB
IP-DK20,e.respizzi,IMBALLAGGI,SolidWorks,"sldprt, sldasm, slddrw, sldprt, STEP, STP, SWAR",ALL,0,0 MB
win10client1,,IMBALLAGGI,Outlook Data Files,"pst, ost",ALL,0,0 MB
IP-NB26,p.avallone,IMBALLAGGI,File CAD criptati,sbe,ALL,0,0 MB
IP-DK20,e.respizzi,IMBALLAGGI,File CAD criptati,sbe,ALL,0,0 MB
IP-NB26,p.avallone,IMBALLAGGI,SolidWorks,"sldprt, sldasm, slddrw, sldprt, STEP, STP, SWAR",ALL,0,0 MB
win10client1,,IMBALLAGGI,SolidWorks,"sldprt, sldasm, slddrw, sldprt, STEP, STP, SWAR",ALL,0,0 MB
IP-DK07,,IMBALLAGGI,SolidWorks,"sldprt, sldasm, slddrw, sldprt, STEP, STP, SWAR",ALL,0,0 MB
IP-DK07,,IMBALLAGGI,File CAD criptati,sbe,ALL,0,0 MB
win10client1,,IMBALLAGGI,File CAD criptati,sbe,ALL,0,0 MB
IP-NB28,g.gaudenzi,IMBALLAGGI,File CAD criptati,sbe,ALL,0,0 MB
IP-DK25,f.santocchi,IMBALLAGGI,File CAD criptati,sbe,ALL,0,0 MB
IP-DK25,f.santocchi,IMBALLAGGI,SolidWorks,"sldprt, sldasm, slddrw, sldprt, STEP, STP, SWAR",ALL,0,0 MB
ip-nb34,a.servi,IMBALLAGGI,SolidWorks,"sldprt, sldasm, slddrw, sldprt, STEP, STP, SWAR",ALL,0,0 MB
ip-nb34,a.servi,IMBALLAGGI,File CAD criptati,sbe,ALL,0,0 MB
IP-NB25,a.braia,IMBALLAGGI,File CAD criptati,sbe,ALL,0,0 MB
IP-NB22,s.monichino,IMBALLAGGI,SolidWorks,"sldprt, sldasm, slddrw, sldprt, STEP, STP, SWAR",ALL,0,0 MB
IP-NB05,s.mainenti,IMBALLAGGI,SolidWorks,"sldprt, sldasm, slddrw, sldprt, STEP, STP, SWAR",ALL,0,0 MB
IP-NB05,s.mainenti,IMBALLAGGI,File CAD criptati,sbe,ALL,0,0 MB
IP-DK22,a.settino,IMBALLAGGI,SolidWorks,"sldprt, sldasm, slddrw, sldprt, STEP, STP, SWAR",ALL,0,0 MB
IP-DK16,ipplotter,IMBALLAGGI,File CAD criptati,sbe,ALL,0,0 MB
IP-DK22,a.settino,IMBALLAGGI,File CAD criptati,sbe,ALL,0,0 MB
IP-DK16,ipplotter,IMBALLAGGI,PowerPoint,"ppt, pptxpptm, odp",ALL,0,0 MB
IP-DK16,ipplotter,IMBALLAGGI,Outlook Data Files,"pst, ost",ALL,0,0 MB
IP-DK11,c.giroletti,IMBALLAGGI,File CAD criptati,sbe,ALL,0,0 MB
IP-DK11,c.giroletti,IMBALLAGGI,SolidWorks,"sldprt, sldasm, slddrw, sldprt, STEP, STP, SWAR",ALL,0,0 MB
IP-DK28,,IMBALLAGGI,SolidWorks,"sldprt, sldasm, slddrw, sldprt, STEP, STP, SWAR",ALL,0,0 MB
IP-NB02,,IMBALLAGGI,File CAD criptati,sbe,ALL,0,0 MB
IP-DK28,,IMBALLAGGI,File CAD criptati,sbe,ALL,0,0 MB
IP-NB33,a.caldi,IMBALLAGGI,SolidWorks,"sldprt, sldasm, slddrw, sldprt, STEP, STP, SWAR",ALL,0,0 MB
IP-NB33,a.caldi,IMBALLAGGI,File CAD criptati,sbe,ALL,0,0 MB
IP-CV01,,IMBALLAGGI,SolidWorks,"sldprt, sldasm, slddrw, sldprt, STEP, STP, SWAR",ALL,0,0 MB
IP-CV01,,IMBALLAGGI,File CAD criptati,sbe,ALL,0,0 MB
IP-DK18,j.gellera,IMBALLAGGI,File CAD criptati,sbe,ALL,0,0 MB
IP-DK18,j.gellera,IMBALLAGGI,SolidWorks,"sldprt, sldasm, slddrw, sldprt, STEP, STP, SWAR",ALL,0,0 MB
IP-NB29,C.Pappada,IMBALLAGGI,File CAD criptati,sbe,ALL,0,0 MB
IP-DK04,BGBoard1700,IMBALLAGGI,File CAD criptati,sbe,ALL,0,0 MB
win10client2,,IMBALLAGGI,Outlook Data Files,"pst, ost",ALL,0,0 MB
win10client2,,IMBALLAGGI,SolidWorks,"sldprt, sldasm, slddrw, sldprt, STEP, STP, SWAR",ALL,0,0 MB
win10client2,,IMBALLAGGI,File CAD criptati,sbe,ALL,0,0 MB
IP-DK13,bgboard2,IMBALLAGGI,File CAD criptati,sbe,ALL,0,0 MB
IP-WS01,a.essawi,IMBALLAGGI,File CAD criptati,sbe,ALL,0,0 MB
IP-NB11,a.iozzolino,IMBALLAGGI,SolidWorks,"sldprt, sldasm, slddrw, sldprt, STEP, STP, SWAR",ALL,0,0 MB
IP-NB11,a.iozzolino,IMBALLAGGI,File CAD criptati,sbe,ALL,0,0 MB
IP-DK13,bgboard2,IMBALLAGGI,Outlook Data Files,"pst, ost",ALL,0,0 MB
IP-NB04,s.ferrante,IMBALLAGGI,File CAD criptati,sbe,ALL,0,0 MB
IP-NB30,as.aledi,IMBALLAGGI,SolidWorks,"sldprt, sldasm, slddrw, sldprt, STEP, STP, SWAR",ALL,0,0 MB
IP-NB30,as.aledi,IMBALLAGGI,File CAD criptati,sbe,ALL,0,0 MB
IP-NB04,s.ferrante,IMBALLAGGI,SolidWorks,"sldprt, sldasm, slddrw, sldprt, STEP, STP, SWAR",ALL,0,0 MB
IP-DK17,s.mainenti,IMBALLAGGI,File CAD criptati,sbe,ALL,0,0 MB
IP-NB32,m.morlacchi,IMBALLAGGI,SolidWorks,"sldprt, sldasm, slddrw, sldprt, STEP, STP, SWAR",ALL,0,0 MB
IP-NB31,a.girardi,IMBALLAGGI,SolidWorks,"sldprt, sldasm, slddrw, sldprt, STEP, STP, SWAR",ALL,0,0 MB
IP-NB31,a.girardi,IMBALLAGGI,File CAD criptati,sbe,ALL,0,0 MB
IP-NB32,m.morlacchi,IMBALLAGGI,File CAD criptati,sbe,ALL,0,0 MB
IP-NB01,,IMBALLAGGI,File CAD criptati,sbe,ALL,0,0 MB
IP-DK26,a.savi,IMBALLAGGI,Autocad Files,"dwg, mi, dxf",ALL,0,0 MB
IP-DK26,a.savi,IMBALLAGGI,Access,"accdb, mdb, adp, mda, accda, mde, accde, ade, accdw",ALL,0,0 MB
IP-DK26,a.savi,IMBALLAGGI,File CAD criptati,sbe,ALL,0,0 MB
IP-DK26,a.savi,IMBALLAGGI,SolidWorks,"sldprt, sldasm, slddrw, sldprt, STEP, STP, SWAR",ALL,0,0 MB
IP-DK19,team.leader,IMBALLAGGI,SolidWorks,"sldprt, sldasm, slddrw, sldprt, STEP, STP, SWAR",ALL,0,0 MB
